precision,accuracy,recall,duration
0.9345515583604025,0.9935551695767437,0.9368138808146644,594.4422204494476
